-- MySQL dump 10.13  Distrib 5.7.22, for Linux (x86_64)
--
-- Host: localhost    Database: nmc
-- ------------------------------------------------------
-- Server version	5.7.22

/*!40101 SET @OLD_CHARACTER_SET_CLIENT=@@CHARACTER_SET_CLIENT */;
/*!40101 SET @OLD_CHARACTER_SET_RESULTS=@@CHARACTER_SET_RESULTS */;
/*!40101 SET @OLD_COLLATION_CONNECTION=@@COLLATION_CONNECTION */;
/*!40101 SET NAMES utf8 */;
/*!40103 SET @OLD_TIME_ZONE=@@TIME_ZONE */;
/*!40103 SET TIME_ZONE='+00:00' */;
/*!40014 SET @OLD_UNIQUE_CHECKS=@@UNIQUE_CHECKS, UNIQUE_CHECKS=0 */;
/*!40014 SET @OLD_FOREIGN_KEY_CHECKS=@@FOREIGN_KEY_CHECKS, FOREIGN_KEY_CHECKS=0 */;
/*!40101 SET @OLD_SQL_MODE=@@SQL_MODE, SQL_MODE='NO_AUTO_VALUE_ON_ZERO' */;
/*!40111 SET @OLD_SQL_NOTES=@@SQL_NOTES, SQL_NOTES=0 */;

--
-- Current Database: `nmc`
--

CREATE DATABASE /*!32312 IF NOT EXISTS*/ `nmc` /*!40100 DEFAULT CHARACTER SET latin1 */;

USE `nmc`;

--
-- Table structure for table `clientes`
--

DROP TABLE IF EXISTS `clientes`;
/*!40101 SET @saved_cs_client     = @@character_set_client */;
/*!40101 SET character_set_client = utf8 */;
CREATE TABLE `clientes` (
  `idCliente` int(11) NOT NULL,
  `nombreCliente` varchar(200) NOT NULL,
  `giro` varchar(50) NOT NULL,
  `sla` int(11) NOT NULL,
  `empresaGestora` enum('Bestel','Metrored') NOT NULL,
  PRIMARY KEY (`idCliente`)
) ENGINE=InnoDB DEFAULT CHARSET=latin1;
/*!40101 SET character_set_client = @saved_cs_client */;

--
-- Dumping data for table `clientes`
--

LOCK TABLES `clientes` WRITE;
/*!40000 ALTER TABLE `clientes` DISABLE KEYS */;
INSERT INTO `clientes` VALUES (27185,'Transtelco','Empresas Ciudades',240,'Bestel'),(30138,'Galaz Yamazaki Ruiz Urquiza SC','Corporativo',240,'Metrored'),(30173,'Kio Networks','Corporativo',240,'Metrored'),(30801,'Fispe','Corporativo',240,'Bestel'),(30935,'Sprint','Carrier Internacional',240,'Metrored'),(31011,'Banco Nacional de Mexico SA','Corporativo',240,'Metrored'),(31188,'Verizon','Carrier Internacional',240,'Metrored'),(31514,'Pegaso PCS SA de CV','Carrier Nacional',240,'Metrored'),(31701,'GNR Apoyo Estrategico SA de CV','Empresas Mexico',240,'Metrored'),(31804,'Servicios Asegurables Agente de Seguros y de Fianzas SA de CV','Empresas Mexico',240,'Metrored'),(32216,'AT&T GNS Mexico','Carrier Internacional',240,'Metrored'),(32347,'Sonda SA de CV','Empresas Mexico',240,'Metrored'),(32420,'KDDI','Carrier Internacional',240,'Metrored'),(32629,'Televisa','Empresas Mexico',240,'Bestel'),(32699,'Scontinuidad Latam','Empresas Mexico',240,'Bestel'),(32807,'Secretaria de Comunicaciones y Transportes Quintana Roo','Gobierno',240,'Bestel'),(32821,'Grupo Mexicano de Seguros','Empresas Mexico',240,'Bestel'),(32923,'Real Inn Guadalajara Centro','Corporativo',240,'Bestel'),(33111,'Camino Real Inn Ciudad Juarez','Empresas Mexico',240,'Bestel'),(33241,'Truper Herramientas SA de CV','Empresas Mexico',240,'Bestel'),(33273,'Iacna Mexico','Empresas Mexico',240,'Bestel'),(33304,'Universidad Latinoamericana SC','Empresas Mexico',240,'Bestel'),(33512,'Kio Networks Renapo','Corporativo',240,'Metrored'),(33536,'INAPESCA','Gobierno',240,'Bestel'),(33551,'Television Internacional SA de CV','Carrier Nacional',240,'Bestel'),(33604,'Softtek Information Services SA de CV','Empresas Mexico',240,'Bestel'),(33672,'Servicios de Cobranza Recuperacion y Seguimiento SA de CV','Carrier Naciona',240,'Bestel'),(33710,'Neutrona Networks','Carrier Internacional',240,'Bestel'),(34015,'Gas Natural Servicios','Empresas Ciudades',240,'Metrored');
/*!40000 ALTER TABLE `clientes` ENABLE KEYS */;
UNLOCK TABLES;

--
-- Table structure for table `incidenteServicio`
--

DROP TABLE IF EXISTS `incidenteServicio`;
/*!40101 SET @saved_cs_client     = @@character_set_client */;
/*!40101 SET character_set_client = utf8 */;
CREATE TABLE `incidenteServicio` (
  `idIncidente` varchar(15) NOT NULL,
  `circuito` varchar(100) NOT NULL,
  `inicioAfectacionFalla` datetime DEFAULT NULL,
  `finAfectacionFalla` datetime DEFAULT NULL,
  PRIMARY KEY (`idIncidente`,`circuito`),
  KEY `circuito` (`circuito`),
  CONSTRAINT `incidenteServicio_ibfk_1` FOREIGN KEY (`idIncidente`) REFERENCES `incidentes` (`idIncidente`) ON UPDATE CASCADE,
  CONSTRAINT `incidenteServicio_ibfk_2` FOREIGN KEY (`circuito`) REFERENCES `servicios` (`circuito`) ON UPDATE CASCADE
) ENGINE=InnoDB DEFAULT CHARSET=latin1;
/*!40101 SET character_set_client = @saved_cs_client */;

--
-- Dumping data for table `incidenteServicio`
--

LOCK TABLES `incidenteServicio` WRITE;
/*!40000 ALTER TABLE `incidenteServicio` DISABLE KEYS */;
INSERT INTO `incidenteServicio` VALUES ('INC000000008124','7810-ETH-003','2018-04-02 15:21:00','2018-04-02 23:09:00'),('INC000000008341','7810-ETH-003','2018-04-03 02:05:00','2018-04-03 22:45:00'),('INC000000016403','11636-ETH-032','2018-05-30 21:50:00','2018-05-31 06:35:00'),('INC000000018194','12544-MPL-014','2018-06-12 07:35:00','2018-06-12 16:13:00'),('INC000000018317','8358-ETH-353','2018-06-12 19:24:00','2018-06-13 00:51:00'),('INC000000018387','11732-ETH-006','2018-06-13 06:23:00','2018-06-13 14:29:00'),('INC000000018496','10237-INT-012','2018-06-13 14:47:00','2018-06-13 16:37:00'),('INC000000018528','6228-CCH-136',NULL,NULL),('INC000000018544','9584-INT-002','2018-06-13 17:52:00','2018-06-14 11:42:00'),('INC000000018574','EN-TNT-CGO-CHA-50MB-1304001','2018-06-26 06:00:00','2018-06-26 10:10:00'),('INC000000018676','7122-CCH-964','2018-06-19 12:30:00','2018-06-19 17:08:00'),('INC000000018692','9382-TKD-001','2018-06-14 15:02:00','2018-06-14 19:24:00'),('INC000000018854','10253-MPL-268','2018-06-15 14:31:00','2018-06-15 15:52:00'),('INC000000018862','11404-ETH-043','2018-06-15 14:31:00','2018-06-15 15:52:00'),('INC000000018873','SOFTTEK_ALPHARETTA_MPLS_M6_222114 ','2018-06-15 15:56:00','2018-06-15 16:02:00'),('INC000000018967','9879-MPL-002','2018-06-16 06:00:00','2018-06-17 13:09:00'),('INC000000018994','10352-INT-001','2018-06-16 07:50:00','2018-06-16 15:45:00'),('INC000000019016','10253-MPL-352','2018-06-16 10:41:00','2018-06-16 10:51:00'),('INC000000019117','7930-ETH-259','2018-06-18 02:00:00','2018-06-18 14:35:00'),('INC000000019138','5732-INT-009','2018-06-18 08:48:00','2018-06-18 14:35:00'),('INC000000019160','10001-FO-01','2018-06-18 10:35:00','2018-06-19 13:35:00'),('INC000000019165','8499-TKD-142','2018-06-18 10:35:00','2018-06-18 20:39:00'),('INC000000019165','8499-TKD-147','2018-06-18 10:35:00','2018-06-18 20:39:00'),('INC000000019165','8499-TKD-190','2018-06-18 10:35:00','2018-06-19 13:35:00'),('INC000000019165','8499-TKD-210','2018-06-18 10:35:00','2018-06-19 13:35:00'),('INC000000019165','8499-TKD-222','2018-06-18 10:35:00','2018-06-18 20:39:00'),('INC000000019180','9401-MPL-021','2018-06-18 11:02:00','2018-06-18 14:04:00'),('INC000000019185','11327-INT-074','2018-06-18 11:35:00','2018-06-19 13:18:00'),('INC000000019326','12933-ETH-001','2018-06-18 11:35:00','2018-06-19 13:18:00'),('INC000000019336','9959-INT-001','2018-06-19 02:48:00','2018-06-19 14:42:00'),('INC000000019575','3650-ETH-030','2018-06-20 11:34:00','2018-06-20 19:08:00'),('INC000000019692','12933-ETH-001','2018-06-21 00:25:00','2018-06-21 05:28:00'),('INC000000019812','12544-ACL-013','2018-06-21 22:21:00','2018-06-22 14:59:00'),('INC000000019812','12544-MPL-014','2018-06-21 22:21:00','2018-06-22 14:59:00'),('INC000000019866','9251-ETH-477','2018-06-21 22:21:00','2018-06-22 14:59:00'),('INC000000019894','11133-TIP-058','2018-06-22 02:39:00','2018-06-22 11:05:00'),('INC000000020103','10891-ACL-001','2018-06-23 20:12:00','2018-06-26 12:56:00'),('INC000000020209','12933-ETH-001','2018-06-25 06:53:00','2018-06-25 10:18:00'),('INC000000020387','APUE.GDO42.GDX01.00002',NULL,NULL),('INC000000020577','9345-CPE-008','2018-06-27 14:30:00','2018-06-28 01:34:00'),('INC000000020613','11620-ETH-295','2018-06-26 06:00:00','2018-06-26 07:00:00'),('INC000000020973','7120-CCH-180','2018-06-29 12:28:00','2018-06-29 14:12:00');
/*!40000 ALTER TABLE `incidenteServicio` ENABLE KEYS */;
UNLOCK TABLES;

--
-- Table structure for table `incidentes`
--

DROP TABLE IF EXISTS `incidentes`;
/*!40101 SET @saved_cs_client     = @@character_set_client */;
/*!40101 SET character_set_client = utf8 */;
CREATE TABLE `incidentes` (
  `idIncidente` varchar(15) NOT NULL,
  `incPadre` varchar(15) DEFAULT NULL,
  `asociacion` enum('Padre','Hijo','Sin Relacion') NOT NULL,
  `tipoInforme` enum('Reactivo','Proactivo','Requerimiento') NOT NULL,
  `criticidad` enum('Critica','Alta','Media','Baja') NOT NULL,
  `prioridad` enum('1','2','3','4') NOT NULL,
  `tipoProblema` varchar(60) NOT NULL,
  `causa` varchar(8000) DEFAULT NULL,
  `resolucion` varchar(8000) DEFAULT NULL,
  `cierreImputable` enum('Bestel','Cliente') DEFAULT NULL,
  `inicioAfectacionInc` datetime NOT NULL,
  `finAfectacionInc` datetime DEFAULT NULL,
  `estadoProblema` enum('Cerrado','Abierto','Asignado','En Curso','Pendiente','Resuelto') NOT NULL,
  `areaResolutora` enum('Transporte','Tier1','Siar','Telefonia') NOT NULL,
  `proveedor` varchar(50) DEFAULT NULL,
  `afectacion` varchar(60) DEFAULT NULL,
  PRIMARY KEY (`idIncidente`)
) ENGINE=InnoDB DEFAULT CHARSET=latin1;
/*!40101 SET character_set_client = @saved_cs_client */;

--
-- Dumping data for table `incidentes`
--

LOCK TABLES `incidentes` WRITE;
/*!40000 ALTER TABLE `incidentes` DISABLE KEYS */;
INSERT INTO `incidentes` VALUES ('INC000000008124',NULL,'Sin Relacion','Reactivo','Critica','1','Enlace Fuera de Servicio','Se detecto corte de fibra óptica, se localizó daño LD de Guadalajara a Yurecuaro ocasionado por limpieza de canal de aguas negras por Ferromex.','Se procedio con la recuperación de la primer punta de cable y se realizan empalmes de fusión, para la recuperación de la segunda punta fue necesario una ventana intermedia ya que el cable estaba presionado, con esto el servicio se restablecio y se mantuvo estable.','Bestel','2018-04-02 15:21:00','2018-04-03 08:49:00','Cerrado','Transporte',NULL,'Corte de Fibra Optica'),('INC000000008341',NULL,'Sin Relacion','Reactivo','Critica','1','Enlace Fuera de Servicio','Se detectó corte de fibra óptica a 75.6 km del nodo de Guadalajara sobre arrope de Talud en vías de tren, se desconoce la causa del corte.','Se procedió con la colocación de un bypass mediante empalmes de fusión, con lo que el servicio se restableció y se mantuvo estable. ','Bestel','2018-04-03 14:05:00','2018-04-05 20:18:00','Cerrado','Transporte',NULL,'Corte de Fibra Optica'),('INC000000016403','INC000000016416','Hijo','Proactivo','Critica','1','Enlace Fuera de Servicio','Se detectó corte de fibra óptica en carretera Qro-Mex fuera de la empresa Jaguar, debido a un camión con exceso de dimensión.','Se realizó reparación de la fibra mediante empalmes de fusión, con lo que el servicio se restableció y mantuvo estable.','Bestel','2018-05-30 21:54:00','2018-06-12 22:13:00','Cerrado','Transporte',NULL,'Corte de Fibra Optica'),('INC000000018194',NULL,'Sin Relacion','Reactivo','Alta','2','Enlace Fuera de Servicio','Se detectó corte de fibra óptica ubicado en AV.Morelia Col. Colinas de la Mesa, a causa de vandalismo','Se procedio con el tendido de jumper de 250 metros aproximadamente y se colocó poste, con lo que la fibra óptica quedó a más de 5 metros de altura, de esta manera el servicio se restablecio manteniendose estable.','Bestel','2018-06-12 07:35:00','2018-06-12 17:45:00','Cerrado','Tier1','IZZI/CABLEMAS','Corte de Fibra Optica'),('INC000000018317',NULL,'Sin Relacion','Reactivo','Critica','1','Enlace Fuera de Servicio','Se encontro daño en fibra dentro del Manhole de Torre Picasso ubicado en Carretera Cuernavaca y Periférico.','Se realizó empalme de fibras dentro del manhole, quedando el servicio restablecido al término de las actividades.','Bestel','2018-06-12 19:24:00','2018-06-13 09:13:00','Cerrado','Transporte',NULL,'Corte de Fibra Optica'),('INC000000018387','INC000000018390','Hijo','Proactivo','Alta','2','Enlace Fuera de Servicio','Se detectó corte de fibra óptica en calle Bucareli s/n con Crespo, Celaya, Guanajuato, a causa de actos de vandalismo, ya que se encontró fibra tirada y rasgada.','Se procede con la colocación de un Bypass de 100 metros de fibra óptica aérea y una caja de empalme, al término de los trabajos de empalme, el enlace restablece de forma correcta, manteniendo estabilidad de trafico.','Bestel','2018-06-13 05:35:00','2018-06-20 19:11:00','Cerrado','Transporte',NULL,'Corte de Fibra Optica'),('INC000000018496',NULL,'Sin Relacion','Proactivo','Alta','2','Enlace Fuera de Servicio','Corte de Fibra óptica ubicado en calle 8 de Mayo en la colonia Pro vivienda, ocasionado por el paso de transporte con exceso de dimensiones.','Se reemplazaron 300 metros de fibra y se realizó empalme por medio de fusión en cada punta, quedando el servicio restablecido y manteniendo estabilidad.','Bestel','2018-06-13 15:17:00','2018-06-21 07:31:00','Resuelto','Siar','TELUM','Corte de Fibra Optica'),('INC000000018528',NULL,'Sin Relacion','Reactivo','Alta','2','Enlace Fuera de Servicio','Equipo apagado por el cliente , debido a proceso de cancelacion del enlace con sprint.','Ninguna, el cliente no permitio el encendido de los equipos, se pide a sprint solicitar el encendido de los mismos.','Cliente','2018-06-13 17:09:00','2018-06-20 12:03:00','Cerrado','Transporte',NULL,'Equipo Apagado'),('INC000000018544',NULL,'Sin Relacion','Proactivo','Alta','2','Enlace Fuera de Servicio','Se encuentra hilo dañado a los 4.96Km del sitio del cliente, entre calle 8 de julio esquina Colon a causa de jalón de fibra por camión con exceso de dimensiones.','Se realizó fusión de hilo mediante actividades de empalme, al término de los trabajos el servicio restablecido de forma correcta.','Bestel','2018-06-13 18:04:00','2018-06-14 12:30:00','Cerrado','Tier1','METROCARRIER','Corte de Fibra Optica'),('INC000000018574',NULL,'Sin Relacion','Reactivo','Alta','2','Enlace fuera de servicio','Corte de fibra a 9,692 metros del pop de Delicias en dirección de Chihuahua, causado por rozadura de camión de ganado que jalo la fibra óptica aérea que se encontraba baja por daño en su preformado.','Se recorren 200 metros de gasa de reserva, se coloca un cierre y se empalma en un solo punto, restableciendo el enlace al término de los trabajos de fusión.','Bestel','2018-06-14 00:33:00','2018-06-28 19:47:00','Resuelto','Tier1',NULL,'Ventana de Mantenimiento'),('INC000000018676','INC000000019331','Hijo','Reactivo','Media','3','Enlace Fuera de Servicio','Corte de fibra óptica en trayectoria de GTAC Cd. Juarez - Moctezuma la cual recae en OPGW responsabilidad de CFE, impactando la LD y aislando LA localidad de Juárez. Los enlaces conmutaron de forma correcta, sin embargo, la ruta de protección tenía un detalle en los 3 enlaces por falta de crossconexion entre los nodos Equinix - Laredo ya que esta conexión se hace a través de tubos VC4 (no son las crossconexiones normales a bajo orden de VC12).','Solución enlace: Se genera primeramente el tubo de VC4 entre Equinix - Laredo y se generan sobre el las crossconexiones de los E1s, levantando así los E1s. Posterior a ello el cliente aplica también un reset del multilink. Solución corte: Se genera de manera emergente una trayectoria de respaldo por trayectoria IZZI y se valida el restablecimiento.','Bestel','2018-06-14 14:10:00','2018-06-21 20:25:00','Cerrado','Transporte',NULL,'Corte de Fibra Optica'),('INC000000018692',NULL,'Sin Relacion','Reactivo','Alta','2','Enlace Fuera de Servicio','Se detectó E1 conmutado a ruta de respaldo entre Chetumal y Quintana Roo ocasionando que el enlace se quedara aislado.','Se conmuta manualmente enlace E1 a ruta de trabajo y se reconfigura como revertido para que la conmutación  se realice en automático.','Bestel','2018-06-14 15:02:00','2018-06-15 14:24:00','Cerrado','Telefonia',NULL,'Error en la Conmutacion'),('INC000000018854','INC000000018877','Hijo','Proactivo','Media','3','Latencia o pérdida de paquetes','Se detectó dos eventos en brazos del anillo MEX-METROETH-020: 1. El primer evento en el brazo 1 sucedió debido a un corte de fibra óptica, se desconoce la causa. 2. El segundo evento en brazo 2 se debió a un error humano, ya que se abrió el puerto 4/15 en 8700MU lo que provoco un aislamiento.','Para restablecer el enlace se realiza el reset del puerto de forma manual. Posterior al restablecimiento, se realizan actividades de reparación de fibra, mediante la colocación de bypass de 200mtrs de fibra, fusionando en dos extremos y colocando una caja de empalme.','Bestel','2018-06-15 14:36:00','2018-06-18 13:36:00','Cerrado','Transporte',NULL,'Anillo Abierto'),('INC000000018862','INC000000018877','Hijo','Proactivo','Alta','2','Enlace Fuera de Servicio','Se detectó dos eventos ópticos en el anillo MEX-METROETH-020: 1. Primer evento; Corte de fibra causado por camión con exceso de dimensiones el cual jalo la fibra óptica aérea a 18km del sitio del cliente final. 2. Segundo evento; Puerto bloqueado en equipo de transporte CIENA8700 en Montes Urales.','Para restablecer el enlace se realiza el reset del puerto de forma manual. Posterior al restablecimiento, se realizan actividades de reparación de fibra, mediante la colocación de bypass de 200mtrs de fibra, fusionando en dos extremos y colocando una caja de empalme.','Bestel','2018-06-15 15:10:00','2018-06-18 13:37:00','Cerrado','Transporte',NULL,'Anillo Abierto'),('INC000000018873',NULL,'Sin Relacion','Proactivo','Alta','2','Intermitencias','Tarjeta dañada en equipo CORE.','Se cambia la tarjeta dañada por una nueva y el servicio restablece.','Bestel','2018-06-15 16:03:00','2018-06-20 19:25:00','Resuelto','Tier1',NULL,'Tarjeta Dañada'),('INC000000018967',NULL,'Sin Relacion','Reactivo','Alta','2','Enlace Fuera de Servicio','Se detectó atenuación de fibra entre hub central de MCA y un cierre de empalme, a causa de un doblez en la fibra.','Se realizó corrección de la fibra, con lo que el servicio se restableció y mantuvo estable.','Bestel','2018-06-16 05:41:00','2018-06-18 18:42:00','Cerrado','Tier1','METROCARRIER','Atenuacion de Fibra'),('INC000000018994',NULL,'Sin Relacion','Reactivo','Alta','2','Enlace Fuera de Servicio','Se detectó corte de Fibra Óptica (en ambos brazos del equipo) en Rio Mixcoac a 1.6 km Del sitio final ULA, causado por actos vandálicos (se encuentran fibras con corte vertical limpio).','Se recorren 150 metros de fibra y se realizó empalme de fusión en una sola punta, al término de los trabajos el servicio restableció y mantuvo estable.','Bestel','2018-06-16 07:50:00','2018-06-16 21:10:00','Cerrado','Transporte',NULL,'Corte de Fibra Optica'),('INC000000019016','INC000000019021','Hijo','Reactivo','Alta','2','Intermitencias','Se detectó servicio afectado por ventana de mantenimiento mandatoria que sobrepaso el tiempo acordado.','Termina ventana de mantenimiento y el servicio se restablece, manteniéndose estable.','Bestel','2018-06-16 11:56:00','2018-06-19 23:23:00','Cerrado','Siar','GTAC','Ventana de Mantenimiento'),('INC000000019117',NULL,'Sin Relacion','Proactivo','Critica','1','Enlace Fuera de Servicio','Se presenta corte de fibra óptica debido a fibra cristalizada en manhole a 500 mts de plaza reforma.','Se realizó reparación de la fibra mediante empalmes de fusión sobre el manhole, al término de los trabajos el servicio restableció de forma correcta y se mantuvo estable.','Bestel','2018-06-18 02:24:00','2018-06-18 18:12:00','Resuelto','Transporte',NULL,'Daño en cableado'),('INC000000019138','INC000000019121','Hijo','Proactivo','Alta','2','Enlace Fuera de Servicio','Se presenta corte de fibra óptica debido a fibra cristalizada en manhole a 500 mts de plaza reforma.','Se realizó reparación de la fibra mediante empalmes de fusión sobre el manhole, al término de los trabajos el servicio restableció de forma correcta y se mantuvo estable.','Bestel','2018-06-18 08:48:00','2018-06-18 20:23:00','Cerrado','Transporte',NULL,'Daño en cableado'),('INC000000019160','INC000000019164','Hijo','Reactivo','Alta','2','Enlace Fuera de Servicio','Se detectó corte de fibra óptica, debido a trabajos de constructora de KansasCity.','Se procedió con la reparación de la fibra mediante empalmes de fusión en dos puntos.','Bestel','2018-06-18 10:49:00','2018-06-22 11:03:00','Resuelto','Tier1',NULL,'Corte de Fibra Optica'),('INC000000019165','INC000000019164','Hijo','Reactivo','Alta','2','Enlace Fuera de Servicio','Se detectó corte de fibra óptica, debido a trabajos de constructora de KansasCity.','Se procedió con la reparación de la fibra mediante empalmes de fusión en dos puntos.','Bestel','2018-06-18 11:04:00','2018-06-19 13:16:00','Resuelto','Telefonia',NULL,'Corte de Fibra Optica'),('INC000000019180',NULL,'Sin Relacion','Reactivo','Alta','2','Enlace Fuera de Servicio','Se detectó doble evento de corte de fibra óptica, el primer evento sucedio en la ruta de Guadalajara Tijuana y el segundo evento sucedio en Monterrey, se desconoce la causa del corte.','Se procedio a crear una nueva ruta para solucionar el doble evento, con lo que se restablecio el servicio y se mantuvo estable.','Bestel','2018-06-18 11:36:00','2018-06-18 14:15:00','Resuelto','Tier1','REDIT','Corte de Fibra Optica'),('INC000000019185','INC000000019218','Hijo','Reactivo','Alta','2','Enlace Fuera de Servicio','Se presenta un doble corte de fibra local en Torreón afectando la misma ruta: Primer evento: Corte de fibra causado por poda arboles por el municipio, como acción correctiva se recorre gasa y se empalma en un solo punto. Segundo evento: Corte de fibra causado por quema de fibra por palmera incendiada, como acción correctiva se liberan puntas se recorre gasa y se empalma en un solo punto afectado.','Para ambos casos se realizaron empalmes de fusión: Primer evento: Se recorren 200 metros de fibra y se empalma en un punto. Segundo evento: Se coloca bypass de 50metros. Al termino de los trabajos, el enlace restablece de forma correcta, manteniendo estabilidad.','Bestel','2018-06-18 11:43:00','2018-06-21 18:04:00','Cerrado','Transporte',NULL,'Corte de Fibra Optica'),('INC000000019326','INC000000019218','Hijo','Reactivo','Alta','2','Enlace Fuera de Servicio','Se presenta un doble evento óptico: Primer evento: Corte de fibra causado por poda arboles por el municipio de Torreón. Segundo evento: Corte de fibra causado por incendio flora sobre la carretera Torreón – Hermosillo.','Se llevan a cabo las acciones: Primer evento: Se recorren 200 metros de gasa y se empalma en un solo punto. Segundo evento: Se liberan puntas de ambos lados, se recorren 400 metros de gasa y se colocan 2 cajas de empalme y se empalman en ambos puntos. Al término de los trabajos, el enlace restablece de forma correcta, manteniendo estabilidad.','Bestel','2018-06-19 02:36:00','2018-06-20 14:07:00','Resuelto','Tier1',NULL,'Corte de Fibra Optica'),('INC000000019336','INC000000019331','Hijo','Reactivo','Alta','2','Enlace Fuera de Servicio','Se detectó corte de fibra óptica en trayectoria de GTAC Cd. Juarez - Moctezuma la cual recae en OPGW responsabilidad de CFE, se desconoce la causa del corte.','Se procedió con la generación emergente de una trayectoria de respaldo por trayectoria IZZI y se valida el restablecimiento del servicio, manteniéndose estable.','Bestel','2018-06-19 03:35:00','2018-06-21 13:26:00','Cerrado','Siar','GTAC','Corte de Fibra Optica'),('INC000000019575',NULL,'Sin Relacion','Reactivo','Alta','2','Enlace Fuera de Servicio','Se detectó puerto dañado físicamente en el equipo de transporte Ciena 6500 Aguascalientes, el cual no arrojo alarmas previas de falla o bajo performance.','Se procedió a migrar el servicio por nuevo puerto en equipo de transporte Ciena 6500, así mismo se procede a aplicar reset lógico a la trayectoria, al término del booteo el enlace restablece de forma correcta, manteniéndose estable.','Bestel','2018-06-20 11:34:00','2018-06-20 19:34:00','Resuelto','Tier1',NULL,'Puerto Bloqueado'),('INC000000019692',NULL,'Sin Relacion','Reactivo','Alta','2','Enlace Fuera de Servicio','Servicio afectado por ventana de mantenimiento no notificada al cliente, la cual tenía como propósito bajar los niveles de atenuación en la Larga Distancia entre Dallas y Piedras Negras.','Al término de la ventana, los niveles de atenuación bajaron, el servicio se restableció de forma correcta y se mantuvo estable.','Bestel','2018-06-21 00:25:00','2018-06-21 14:24:00','Resuelto','Transporte',NULL,'Ventana de Mantenimiento Notificada'),('INC000000019812','INC000000019917','Hijo','Reactivo','Alta','2','Enlace fuera de servicio','Se detectó doble evento óptico: 1. Daño lógico en puerto en equipo de transporte en la última milla, mismo que no arrojo alarmas previas, ni bajo performance. 2. Inconsistencia en el encapsulamiento del enlace sobre la NNI de la larga distancia y la última milla.','Se procede a realizar: 1. Migración del enlace por nuevo puerto. 2. Se realiza cambio en la configuración QinQ en la frontera de la última milla (NNI), y al clareado de la tabla de ARP, al término de ambos procesos el servicio restableció de forma correcta, manteniendo estable el tráfico.','Bestel','2018-06-21 16:25:00','2018-06-29 17:45:00','Cerrado','Tier1',NULL,'Configuración Incorrecta'),('INC000000019866','INC000000019917','Hijo','Proactivo','Critica','1','Enlace Fuera de Servicio','Se detectó doble evento óptico: 1. Daño lógico en puerto en equipo de transporte en la última milla, mismo que no arrojo alarmas previas, ni bajo performance. 2. Inconsistencia en el encapsulamiento del enlace sobre la NNI de la larga distancia y la última milla.','Se procede a realizar: 1. Migración del enlace por nuevo puerto. 2. Se realiza cambio en la configuración QinQ en la frontera de la última milla (NNI), y al clareado de la tabla de ARP, al término de ambos procesos el servicio restableció de forma correcta, manteniendo estable el tráfico.','Bestel','2018-06-21 22:19:00','2018-06-22 15:14:00','Cerrado','Tier1',NULL,'Configuracion Incorrecta'),('INC000000019894','INC000000019871','Hijo','Reactivo','Media','3','Enlace Fuera de Servicio','Se detectó corte de fibra óptica en caja de empalme generado por vandalismo.','Se procedió a reparar la fibra mediante empalmes de fusión, con lo que el servicio se restablecio y se mantuvo estable.','Bestel','2018-06-22 09:04:00','2018-06-28 07:36:00','Cerrado','Transporte',NULL,'Corte de Fibra Optica'),('INC000000020103','INC000000020083','Hijo','Proactivo','Alta','2','Enlace Fuera de Servicio','Se detectó daño de router ocasionado por falla de energía electrica, en sitio del cliente','Se procedió a remplazar el router, con lo que el servicio se restablecio y se mantuvo estable.','Bestel','2018-06-23 19:30:00','2018-06-26 14:09:00','Cerrado','Siar',NULL,'Router Dañado'),('INC000000020209',NULL,'Sin Relacion','Reactivo','Alta','2','Enlace Fuera de Servicio','Se presentó afectación por tarjeta bloqueada en equipo de transporte Core, en la localidad de Piedras Negras, misma que no arrojo alarmas previas o bajo performance.','Se realiza reset lógico a la tarjeta, al término del booteo el enlace levanta de forma correcta, manteniendo estable el tráfico del enlace','Bestel','2018-06-25 06:49:00','2018-06-25 10:37:00','Resuelto','Transporte',NULL,'Puerto Bloqueado'),('INC000000020387',NULL,'Sin Relacion','Reactivo','Critica','1','Enlace Fuera de Servicio','','','Bestel','2018-06-25 21:47:00','2018-06-26 00:25:00','Resuelto','Tier1',NULL,NULL),('INC000000020577','INC000000020779','Hijo','Proactivo','Critica','1','Enlace Fuera de Servicio','Se detectó bloqueo de trafico a nivel interconexión Sta Apolonia-RedIT.','Se procedio a migrar el servicio a una interconexión distinta, con lo que el servicio se restablecio manteniendose estable.','Bestel','2018-06-26 19:33:00','2018-06-28 13:37:00','Cerrado','Siar',NULL,'Otros'),('INC000000020613',NULL,'Sin Relacion','Reactivo','Media','3','Intermitencias','Se detectan intermitencias causadas por el daño de un conector en el CTC de C+.','Se procede con el remplazo del conector, con lo que el servicio se restablece y se mantiene estable','Bestel','2018-06-27 08:30:00','2018-07-02 09:28:00','Asignado','Tier1',NULL,'Conector Dañado'),('INC000000020926','INC000000020914','Hijo','Reactivo','Alta','2','Enlace fuera de servicio','Se detectó falla de energía electrica','Se procedio con la colocación de una planta de energía de emergencia','Bestel','2018-06-28 21:39:00','2018-06-29 02:22:00','Resuelto','Transporte',NULL,'Falla de Acometida CFE'),('INC000000020973',NULL,'Sin Relacion','Reactivo','Alta','2','Enlace Fuera de Servicio','Se detecta que en la ruta de transporte se tiene un evento en el 6500-QROLD STM64 1-3-2 segmento lineal, afectado por un INC000018007249, relacionado a un corte de fibra óptica por inducción de voltaje en línea CFE.','Se procedio con creación de una ruta de protección, con lo que el servicio restablece y se mantiene estable.','Bestel','2018-06-29 12:28:00','2018-06-29 14:22:00','Cerrado','Transporte',NULL,'Otro');
/*!40000 ALTER TABLE `incidentes` ENABLE KEYS */;
UNLOCK TABLES;

--
-- Table structure for table `rfo`
--

DROP TABLE IF EXISTS `rfo`;
/*!40101 SET @saved_cs_client     = @@character_set_client */;
/*!40101 SET character_set_client = utf8 */;
CREATE TABLE `rfo` (
  `idRfo` varchar(15) NOT NULL,
  `idIncidente` varchar(15) NOT NULL,
  `estatus` enum('Pendiente','En Revision','N/A','Enviado','Validado','Solicitud Cambios') NOT NULL,
  `fechaSolicitud` datetime NOT NULL,
  `responsableSolicitud` varchar(150) NOT NULL,
  `fechaEnvioValidacion` datetime DEFAULT NULL,
  `responsableEnvioValidacion` varchar(150) DEFAULT NULL,
  `responsableValidacion` varchar(150) DEFAULT NULL,
  `fechaVistoBueno` datetime DEFAULT NULL,
  `responsableVistoBueno` varchar(150) DEFAULT NULL,
  `fechaEnvioRfo` datetime DEFAULT NULL,
  `responsableEnvioRfo` varchar(150) DEFAULT NULL,
  `medio` enum('Mail','Telefono') NOT NULL,
  `observaciones` varchar(1000) DEFAULT NULL,
  PRIMARY KEY (`idRfo`),
  UNIQUE KEY `idIncidente` (`idIncidente`),
  CONSTRAINT `rfo_ibfk_1` FOREIGN KEY (`idIncidente`) REFERENCES `incidentes` (`idIncidente`)
) ENGINE=InnoDB DEFAULT CHARSET=latin1;
/*!40101 SET character_set_client = @saved_cs_client */;

--
-- Dumping data for table `rfo`
--

LOCK TABLES `rfo` WRITE;
/*!40000 ALTER TABLE `rfo` DISABLE KEYS */;
INSERT INTO `rfo` VALUES ('RFO000000008124','INC000000008124','En Revision','2018-06-25 18:49:00','Yamila Asiain Tapia <yasiain@bestel.com.mx>','2018-06-26 15:24:00','Jose De Jesus Fuentes Galindo <p-jdfuentes@bestel.com.mx>','Alberto Antonio Suppen Dimas <aasuppendi@bestel.com.mx>',NULL,NULL,NULL,NULL,'Mail',NULL),('RFO000000008341','INC000000008341','En Revision','2018-06-25 18:49:00','Yamila Asiain Tapia <yasiain@bestel.com.mx>','2018-06-26 15:24:00','Jose De Jesus Fuentes Galindo <p-jdfuentes@bestel.com.mx>','Alberto Antonio Suppen Dimas <aasuppendi@bestel.com.mx>',NULL,NULL,NULL,NULL,'Mail',NULL),('RFO000000016403','INC000000016403','Enviado','2018-06-19 12:53:00','Armando Figueroa Escalona <afigueroaesc@bestel.com.mx>','2018-06-19 19:23:00','Jose De Jesus Fuentes Galindo <p-jdfuentes@bestel.com.mx>','Alberto Antonio Suppen Dimas <aasuppendi@bestel.com.mx>','2018-06-21 13:20:00','Alberto Antonio Suppen Dimas <aasuppendi@bestel.com.mx>','2018-06-21 17:24:00','Jose De Jesus Fuentes Galindo <p-jdfuentes@bestel.com.mx>','Mail',NULL),('RFO000000018194','INC000000018194','En Revision','2018-06-29 17:16:00','Dulce Lucero Perez Urrutia <dlperezu@bestel.com.mx>','2018-07-02 19:14:00','p-jdfuentes@bestel.com.mx','jjaguilarac@bestel.com.mx',NULL,NULL,NULL,NULL,'Mail',NULL),('RFO000000018317','INC000000018317','Enviado','2018-06-14 16:18:00','Enrique Blancas Perez <eblancasp@bestel.com.mx>','2018-06-15 12:03:00','Eva Lucia Perdomo Flores <elperdomofl@bestel.com.mx>','Alberto Antonio Suppen Dimas <aasuppendi@bestel.com.mx>','2018-06-21 13:45:00','Alberto Antonio Suppen Dimas <aasuppendi@bestel.com.mx>','2018-06-21 16:18:00','Jose De Jesus Fuentes Galindo <p-jdfuentes@bestel.com.mx>','Mail',NULL),('RFO000000018387','INC000000018387','Enviado','2018-06-20 19:11:00','Erika Maihuadira Baron Gonzalez <embarongo@bestel.com.mx>','2018-06-25 11:55:00','Jose De Jesus Fuentes Galindo <p-jdfuentes@bestel.com.mx>','Karina Raquel Juarez Hernandez <kjuarezhe@bestel.com.mx>; Alberto Antonio Suppen Dimas <aasuppendi@bestel.com.mx>','2018-06-25 14:19:00','Alberto Antonio Suppen Dimas <aasuppendi@bestel.com.mx>','2018-06-25 19:55:00','Jose De Jesus Fuentes Galindo <p-jdfuentes@bestel.com.mx>','Mail',NULL),('RFO000000018496','INC000000018496','Enviado','2018-06-13 17:35:00','Citlali Franco Rivera','2018-06-15 11:27:00','Eva Lucia Perdomo Flores <elperdomofl@bestel.com.mx>','Karina Raquel Juarez Hernandez <kjuarezhe@bestel.com.mx>; Oscar Leonardo Rubio Ontiveros <olrubioo@bestel.com.mx>','2018-06-21 15:03:00','Alberto Antonio Suppen Dimas <aasuppendi@bestel.com.mx>','2018-06-21 16:27:00','Jose De Jesus Fuentes Galindo <p-jdfuentes@bestel.com.mx>','Mail',NULL),('RFO000000018528','INC000000018528','N/A','2018-06-15 17:04:00','Oscar Javier Saucedo Pedraza <ojsaucedop@bestel.com.mx>',NULL,NULL,NULL,NULL,NULL,NULL,NULL,'Mail','El incidente no aplica debido a que es una falla imputable al cliente.'),('RFO000000018544','INC000000018544','Enviado','2018-06-14 12:41:00','Erika Maihuadira Baron Gonzalez','2018-06-15 11:44:00','Eva Lucia Perdomo Flores <elperdomofl@bestel.com.mx>','Karina Raquel Juarez Hernandez <kjuarezhe@bestel.com.mx>; Oscar Leonardo Rubio Ontiveros <olrubioo@bestel.com.mx>','2018-06-21 14:44:00','Alberto Antonio Suppen Dimas <aasuppendi@bestel.com.mx>','2018-06-21 14:53:00','Jose De Jesus Fuentes Galindo <p-jdfuentes@bestel.com.mx>','Mail',NULL),('RFO000000018574','INC000000018574','Enviado','2018-06-27 12:39:00','Cecilia Anayeli Flores Lopez <cflores@bestel.com.mx>','2018-06-28 17:45:00','David Ulises Diaz Garcilazo <dudiazg@bestel.com.mx>','aasuppendi@bestel.com.mx','2018-06-28 17:45:00','aasuppendi@bestel.com.mx','2018-06-29 09:49:00','David Ulises Diaz Garcilazo <dudiazg@bestel.com.mx>','Mail','Derivado de la ventana de mantenimiento notificada al cliente bajo la CRQ0000001096791, que se ejecutó con la finalidad de eliminar la atenuación en los segmentos 1.9 Km y 1.2 km de Chihuahua- Delicias (mismo segmento del evento de corte de fibra); las alarmas no se actualizaron en la herramienta de monitoreo, lo que causo retrasos para la identificación de la causa raíz de la falla.'),('RFO000000018676','INC000000018676','En Revision','2018-06-21 10:20:00','Oscar Javier Saucedo Pedraza <ojsaucedop@bestel.com.mx>','2018-06-21 19:34:00','Jose De Jesus Fuentes Galindo <p-jdfuentes@bestel.com.mx>','Alberto Antonio Suppen Dimas <aasuppendi@bestel.com.mx>',NULL,NULL,NULL,NULL,'Mail',NULL),('RFO000000018692','INC000000018692','En Revision','2018-06-19 16:56:00','Jaime Velasco Guzman <jvelascogu@bestel.com.mx>','2018-06-19 19:42:00','Jose De Jesus Fuentes Galindo <p-jdfuentes@bestel.com.mx>','Karina Raquel Juarez Hernandez <kjuarezhe@bestel.com.mx>; Alberto Antonio Suppen Dimas <aasuppendi@bestel.com.mx>',NULL,NULL,NULL,NULL,'Mail',NULL),('RFO000000018854','INC000000018854','N/A','2018-06-19 08:38:00','Jose Antonio Martinez Zanabria <jamartinezz@bestel.com.mx>',NULL,NULL,NULL,NULL,NULL,NULL,NULL,'Mail',NULL),('RFO000000018862','INC000000018862','Enviado','2018-06-19 00:48:00','Indri Esthela Resendiz Maldonado <ieresendiz@bestel.com.mx>','2018-06-19 18:02:00','Jose De Jesus Fuentes Galindo <p-jdfuentes@bestel.com.mx>','Alberto Antonio Suppen Dimas <aasuppendi@bestel.com.mx>','2018-06-21 12:58:00','Alberto Antonio Suppen Dimas <aasuppendi@bestel.com.mx>','2018-06-21 14:44:00','Jose De Jesus Fuentes Galindo <p-jdfuentes@bestel.com.mx>','Mail',NULL),('RFO000000018873','INC000000018873','En Revision','2018-06-20 14:44:00','Anahi Perez Quintero <aperezq@bestel.com.mx>','2018-06-21 19:06:00','Jose De Jesus Fuentes Galindo <p-jdfuentes@bestel.com.mx>','Alberto Antonio Suppen Dimas <aasuppendi@bestel.com.mx>',NULL,NULL,NULL,NULL,'Mail',NULL),('RFO000000018967','INC000000018967','En Revision','2018-06-18 18:46:00','Rogelio Martinez Belmont <rmartinezbe@izzitelco.onmicrosoft.com>','2018-06-19 17:26:00','Jose De Jesus Fuentes Galindo <p-jdfuentes@bestel.com.mx>','Karina Raquel Juarez Hernandez <kjuarezhe@bestel.com.mx>; Alberto Antonio Suppen Dimas <aasuppendi@bestel.com.mx>',NULL,NULL,NULL,NULL,'Mail',NULL),('RFO000000018994','INC000000018994','Enviado','2018-06-18 12:01:00','Anna Paola Moran Romero <apmoranro@bestel.com.mx>','2018-06-18 14:39:00','Jose De Jesus Fuentes Galindo <p-jdfuentes@bestel.com.mx>','Alberto Antonio Suppen Dimas <aasuppendi@bestel.com.mx>','2018-06-21 12:49:00','Alberto Antonio Suppen Dimas <aasuppendi@bestel.com.mx>','2018-06-21 16:44:00','Jose De Jesus Fuentes Galindo <p-jdfuentes@bestel.com.mx>','Mail',NULL),('RFO000000019016','INC000000019016','Enviado','2018-06-18 12:57:00','Luis Eduardo Reyes Peralta <lereyes@bestel.com.mx>',NULL,NULL,NULL,NULL,NULL,'2018-06-29 18:24:00','Jose De Jesus Fuentes Galindo <p-jdfuentes@bestel.com.mx>','Mail','Se genera RFO informativo, no se envío a validación.'),('RFO000000019117','INC000000019117','Enviado','2018-06-20 10:02:00','Miguel Angel Rivera Flores <mariveraf@bestel.com.mx>','2018-06-20 18:16:00','Jose De Jesus Fuentes Galindo <p-jdfuentes@bestel.com.mx>','Alberto Antonio Suppen Dimas <aasuppendi@bestel.com.mx>','2018-06-21 13:41:00','Alberto Antonio Suppen Dimas <aasuppendi@bestel.com.mx>','2018-06-21 16:52:00','Jose De Jesus Fuentes Galindo <p-jdfuentes@bestel.com.mx>','Mail','En seguimiento devido a que el cliente solicita cambios al RFO'),('RFO000000019138','INC000000019138','Enviado','2018-06-19 11:35:00','Rodrigo Horacio Reskala Sanchez <p-rreskala@izzi.mx>','2018-06-19 19:05:00','Jose De Jesus Fuentes Galindo <p-jdfuentes@bestel.com.mx>','Alberto Antonio Suppen Dimas <aasuppendi@bestel.com.mx>','2018-06-21 13:14:00','Alberto Antonio Suppen Dimas <aasuppendi@bestel.com.mx>','2018-06-21 16:59:00','Jose De Jesus Fuentes Galindo <p-jdfuentes@bestel.com.mx>','Mail','En seguimiento devido a que el cliente solicita cambios al RFO'),('RFO000000019160','INC000000019160','Enviado','2018-06-20 10:46:00','Miguel Angel Rivera Flores <mariveraf@bestel.com.mx>','2018-06-20 18:50:00','Jose De Jesus Fuentes Galindo <p-jdfuentes@bestel.com.mx>','Hector Garcia Maturano <hgarciam@bestel.com.mx>','2018-06-22 17:19:00','Hector Garcia Maturano <hgarciam@bestel.com.mx>','2018-06-26 18:56:00','Jose De Jesus Fuentes Galindo <p-jdfuentes@bestel.com.mx>','Mail',NULL),('RFO000000019165','INC000000019165','Enviado','2018-06-22 16:35:00','Armando Figueroa Escalona <afigueroaesc@bestel.com.mx>','2018-06-22 16:45:00','Jose De Jesus Fuentes Galindo <p-jdfuentes@bestel.com.mx>','Hector Garcia Maturano <hgarciam@bestel.com.mx>','2018-06-22 17:19:00','Hector Garcia Maturano <hgarciam@bestel.com.mx>','2018-06-26 18:56:00','Jose De Jesus Fuentes Galindo <p-jdfuentes@bestel.com.mx>','Mail',NULL),('RFO000000019180','INC000000019180','En Revision','2018-06-26 18:04:00','Paloma Hortensia Jimenez Avendano <phjimeneza@bestel.com.mx>','2018-06-28 17:12:00','Jose De Jesus Fuentes Galindo <p-jdfuentes@bestel.com.mx>','aasuppendi@bestel.com.mx',NULL,NULL,NULL,NULL,'Mail',NULL),('RFO000000019185','INC000000019185','Enviado','2018-06-20 10:18:00','Jesus Jimenez Radilla <jjimenezra@bestel.com.mx>','2018-06-15 17:52:00','Jose De Jesus Fuentes Galindo <p-jdfuentes@bestel.com.mx>','Alberto Antonio Suppen Dimas <aasuppendi@bestel.com.mx>','2018-06-21 13:31:00','Alberto Antonio Suppen Dimas <aasuppendi@bestel.com.mx>','2018-06-21 17:05:00','Jose De Jesus Fuentes Galindo <p-jdfuentes@bestel.com.mx>','Mail',NULL),('RFO000000019326','INC000000019326','Enviado','2018-06-22 12:21:00','Yamila Asiain Tapia <yasiain@bestel.com.mx>','2018-06-25 11:25:00','Jose De Jesus Fuentes Galindo <p-jdfuentes@bestel.com.mx>','Karina Raquel Juarez Hernandez <kjuarezhe@bestel.com.mx>; Alberto Antonio Suppen Dimas <aasuppendi@bestel.com.mx>','2018-06-25 16:20:00','Alberto Antonio Suppen Dimas <aasuppendi@bestel.com.mx>','2018-06-25 16:36:00','Jose De Jesus Fuentes Galindo <p-jdfuentes@bestel.com.mx>','Mail','Se genera un RFO informativo debido a que el cliente realizo su reporte despues de la falla.'),('RFO000000019336','INC000000019336','Enviado','2018-06-21 13:37:00','Adrian Noguchi Montiel <p-anoguchi@bestel.com.mx>','2018-06-21 18:04:00','Jose De Jesus Fuentes Galindo <p-jdfuentes@bestel.com.mx>','Jorge Carlos Gamboa Huerta <jcgamboah@bestel.com.mx>','2018-06-21 18:52:00','Jorge Carlos Gamboa Huerta <jcgamboah@bestel.com.mx>','2018-06-21 18:56:00','Jose De Jesus Fuentes Galindo <p-jdfuentes@bestel.com.mx>','Mail',NULL),('RFO000000019575','INC000000019575','Enviado','2018-06-21 09:36:00','Claudia Mondragon Mercado <cmondragonm@bestel.com.mx>','2018-06-25 11:43:00','Jose De Jesus Fuentes Galindo <p-jdfuentes@bestel.com.mx>','Karina Raquel Juarez Hernandez <kjuarezhe@bestel.com.mx>; Alberto Antonio Suppen Dimas <aasuppendi@bestel.com.mx>','2018-06-25 14:10:00','Alberto Antonio Suppen Dimas <aasuppendi@bestel.com.mx>','2018-06-25 19:30:00','Jose De Jesus Fuentes Galindo <p-jdfuentes@bestel.com.mx>','Mail',NULL),('RFO000000019692','INC000000019692','Enviado','2018-06-22 12:21:00','Yamila Asiain Tapia <yasiain@bestel.com.mx>','2018-06-25 11:25:00','Jose De Jesus Fuentes Galindo <p-jdfuentes@bestel.com.mx>','Karina Raquel Juarez Hernandez <kjuarezhe@bestel.com.mx>; Alberto Antonio Suppen Dimas <aasuppendi@bestel.com.mx>','2018-06-25 16:20:00','Alberto Antonio Suppen Dimas <aasuppendi@bestel.com.mx>','2018-06-25 16:36:00','Jose De Jesus Fuentes Galindo <p-jdfuentes@bestel.com.mx>','Mail',NULL),('RFO000000019812','INC000000019812','Enviado','2018-06-28 21:00:00','Jorge De Jesus Aguilar Acevedo <jjaguilarac@bestel.com.mx>','2018-07-02 16:59:00','p-jdfuentes@bestel.com.mx','aasuppendi@bestel.com.mx','2018-07-02 16:59:00','aasuppendi@bestel.com.mx','2018-07-02 17:15:00','p-jdfuentes@bestel.com.mx','Mail','Se toman datos del RFO000000019866 validado el cual comparte el INC padre'),('RFO000000019866','INC000000019866','Enviado','2018-06-22 15:46:00','Dulce Lucero Perez Urrutia <dlperezu@bestel.com.mx>','2018-06-25 14:11:00','Jose De Jesus Fuentes Galindo <p-jdfuentes@bestel.com.mx>','Karina Raquel Juarez Hernandez <kjuarezhe@bestel.com.mx>; Alberto Antonio Suppen Dimas <aasuppendi@bestel.com.mx>','2018-06-25 14:39:00','Alberto Antonio Suppen Dimas <aasuppendi@bestel.com.mx>','2018-06-25 20:14:00','Jose De Jesus Fuentes Galindo <p-jdfuentes@bestel.com.mx>','Mail',NULL),('RFO000000019894','INC000000019894','En Revision','2018-06-26 10:15:00','Gerardo Aisawa Flores <gaisawaf@bestel.com.mx>','2018-06-28 17:48:00','Jose De Jesus Fuentes Galindo <p-jdfuentes@bestel.com.mx>','aasuppendi@bestel.com.mx',NULL,NULL,NULL,NULL,'Mail',NULL),('RFO000000020103','INC000000020103','Enviado','2018-06-27 12:29:00','Esteban Rafael Alcantara Gonzalez <ealcantara@bestel.com.mx>','2018-06-28 19:28:00','Jose De Jesus Fuentes Galindo <p-jdfuentes@bestel.com.mx>','jcgamboah@bestel.com.mx','2018-06-29 19:40:00','jcgamboah@bestel.com.mx','2018-07-02 13:18:00','p-jdfuentes@bestel.com.mx','Mail',NULL),('RFO000000020209','INC000000020209','Enviado','2018-06-22 12:21:00','Yamila Asiain Tapia <yasiain@bestel.com.mx>','2018-06-25 11:25:00','Jose De Jesus Fuentes Galindo <p-jdfuentes@bestel.com.mx>','Karina Raquel Juarez Hernandez <kjuarezhe@bestel.com.mx>; Alberto Antonio Suppen Dimas <aasuppendi@bestel.com.mx>','2018-06-25 16:20:00','Alberto Antonio Suppen Dimas <aasuppendi@bestel.com.mx>','2018-06-25 16:36:00','Jose De Jesus Fuentes Galindo <p-jdfuentes@bestel.com.mx>','Mail',NULL),('RFO000000020387','INC000000020387','En Revision','2018-06-27 14:39:00','Jose Luis Martinez Olvera <jlmartinezol@bestel.com.mx>','2018-06-27 17:02:00','p-jdfuentes@bestel.com.mx','aasuppendi@bestel.com.mx',NULL,NULL,NULL,NULL,'Mail',NULL),('RFO000000020577','INC000000020577','Enviado','2018-06-28 13:41:00','Adrian Noguchi Montiel <p-anoguchi@bestel.com.mx>','2018-06-29 17:45:00','Jose De Jesus Fuentes Galindo <p-jdfuentes@bestel.com.mx>','jcgamboah@bestel.com.mx','2018-06-29 19:26:00','Jorge Carlos Gamboa Huerta <jcgamboah@bestel.com.mx>','2018-06-29 19:33:00','Jose De Jesus Fuentes Galindo <p-jdfuentes@bestel.com.mx>','Mail',NULL),('RFO000000020613','INC000000020613','Enviado','2018-07-02 17:03:00','David Ulises Diaz Garcilazo <dudiazg@bestel.com.mx>','2018-07-02 17:42:00','p-jdfuentes@bestel.com.mx','dudiazg@bestel.com.mx','2018-07-02 18:11:00','dudiazg@bestel.com.mx','2018-07-02 18:34:00','p-jdfuentes@bestel.com.mx','Telefono','Solicita el RFO via WhatsApp'),('RFO000000020926','INC000000020926','En Revision','2018-06-29 10:12:00','Arturo Adonay Vazquez Hernandez <aavazquez@izzi.mx>','2018-07-02 16:35:00','p-jdfuentes@bestel.com.mx','aasuppendi@bestel.com.mx',NULL,NULL,NULL,NULL,'Mail',NULL),('RFO000000020973','INC000000020973','En Revision','2018-06-29 14:31:00','Sergio Rene Torres Torres <srtorresto@bestel.com.mx>','2018-07-02 18:17:00','p-jdfuentes@bestel.com.mx','aasuppendi@bestel.com.mx',NULL,NULL,NULL,NULL,'Telefono',NULL);
/*!40000 ALTER TABLE `rfo` ENABLE KEYS */;
UNLOCK TABLES;

--
-- Table structure for table `servicios`
--

DROP TABLE IF EXISTS `servicios`;
/*!40101 SET @saved_cs_client     = @@character_set_client */;
/*!40101 SET character_set_client = utf8 */;
CREATE TABLE `servicios` (
  `circuito` varchar(100) NOT NULL,
  `idCliente` int(11) NOT NULL,
  `servicio` varchar(100) NOT NULL,
  `producto` varchar(100) DEFAULT NULL,
  `circuitoM6` varchar(100) DEFAULT NULL,
  `circuitoSolar` varchar(100) DEFAULT NULL,
  `circuitoSicab` varchar(100) DEFAULT NULL,
  `estadoDestino` varchar(100) NOT NULL,
  `sitio` varchar(100) DEFAULT NULL,
  PRIMARY KEY (`circuito`),
  KEY `idCliente` (`idCliente`),
  CONSTRAINT `servicios_ibfk_1` FOREIGN KEY (`idCliente`) REFERENCES `clientes` (`idCliente`)
) ENGINE=InnoDB DEFAULT CHARSET=latin1;
/*!40101 SET character_set_client = @saved_cs_client */;

--
-- Dumping data for table `servicios`
--

LOCK TABLES `servicios` WRITE;
/*!40000 ALTER TABLE `servicios` DISABLE KEYS */;
INSERT INTO `servicios` VALUES ('10001-FO-01',27185,'Fibra Oscura','Fibra Oscura',NULL,NULL,NULL,'Ciudad de Mexico',NULL),('10208-INT-001',33241,'Internet Dedicado 10 Mbps','Internet','100/INTF/2057296300AZCPDF001','239563',NULL,'Ciudad de Mexico','AV SAN ISIDRO 110'),('10237-INT-012',33273,'Internet Dedicado 4 Mbps','Internet','101/INTF/2014072414SLTLXD001',NULL,NULL,'Coahuila','CALLE 17 S/N'),('10253-MPL-268',33512,'MPLS Datos 10 Mbps','MPLS','100/MPLS/0027612CHTMDF001','RENAPO_KIO_ARCOS_MPLS_M6_231780',NULL,'Ciudad de Mexico','Arcos De Belen 19'),('10253-MPL-352',33512,'MPLS Datos 2 Mbps','MPLS','100/MPLS/0002282OTBLQO001','RENAPO_KIO_QUINTANA_ROO_MPLS_M6_231792',NULL,'Quintana Roo','Av. Ignacio Zaragoza 151'),('10352-DID-007',33304,'100DIDs','Numeros de Directorio','100/INTF/2009242361ALOBDF001',NULL,NULL,'Morelos','Teopanzolco 107'),('10352-INT-001',33304,'Internet Dedicado 1 GB','Internet','100/INTF/2009242361ALOBDF001',NULL,NULL,'Ciudad de Mexico','Iztaccihuatl 178'),('10891-ACL-001',33536,'MPLS - Acceso Local 6144 Kbps (Enlace Estandar)','MPLS','100/MPLS/0018838BNJRQO001','233123',NULL,'Quintana Roo','Matamoros 7'),('11133-TIP-058',33672,'30 Troncales SIP','Troncales SIP','100/TKIP/4045129804MGHDDF001',NULL,NULL,'Ciudad de Mexico','Corporativo Diamante Santa Fe'),('11327-INT-074',33551,'Internet Dedicado 10 Mbps','Internet','100/INTF/4017116000NVLRXT002','234017',NULL,'Tamaulipas','Carr. al Aeropuerto 1001'),('11404-ETH-043',32699,'Ethernet Link Nacional 1 Gbps','Ethernet Link','100/ETHNAC/1012237532MTPCMX001/1012237532ALOBDF001','234261',NULL,'Ciudad de Mexico','Barranca del Muerto 280'),('11495-ETH-250',30935,'Ethernet Link 10 Mbps','Ethernet Link',NULL,NULL,NULL,'Baja California Norte','Nogal 405'),('11620-ETH-295',31514,'Ethernet Link Local 10 Mbps','Ethernet Link',NULL,NULL,NULL,'Chihuahua','Carr. Panamericana Delicias Camargo Km. 130'),('11636-ETH-032',31011,'Ethernet Link Nacional 2 Gbps','Ethernet Link',NULL,NULL,NULL,'Queretaro','Datacenter Banamex Queretaro'),('11732-ETH-006',33710,'Ethernet Link 50 Mbps','Ethernet Link','100/ETHNAC/4116890837HXQLMX001/4116890837CLYAGJ001',NULL,NULL,'Guanajuato','Carr. Panamericana Km. 284'),('12544-ACL-013',32420,'MPLS - Acceso Local 4 Mbps','MPLS',NULL,NULL,NULL,'Baja California Norte','Av Ferrocarril km 14.5'),('12544-MPL-014',32420,'MPLS Multimedia 4 Mbps','MPLS',NULL,NULL,NULL,'Baja California Norte',NULL),('12933-ETH-001',30801,'Ethernet','Ethernet','100/ETHINT/0030801DLLSTX001/0030801ESCNXS001',NULL,NULL,'Ciudad de Mexico',NULL),('3650-ETH-030',31804,'Ethernet Link Nacional 6 Mbps','Ethernet Link',NULL,NULL,NULL,'Ciudad de Mexico','Carr. Fed. Lagos de Moreno- Aguascalientes Km. 75'),('5732-INT-009',31701,'Internet Dedicado 4 Mbps','Internet',NULL,NULL,NULL,'Ciudad de Mexico','Corporativo Opcion Santa Fe III'),('6228-CCH-136',30935,'Data 2 MBPS PP','Enlace',NULL,NULL,NULL,'Puebla','Atzala'),('7120-CCH-180',30935,'Clear Channel DS3','Clear Channel',NULL,NULL,NULL,'Guanajuato','Av. Guerrero 149'),('7122-CCH-964',31188,'Clear Channel E1','Clear Channel',NULL,NULL,NULL,'Chihuahua','Blvr. Tomas Fernandez Campos 8583'),('7810-ETH-003',32347,'Ethernet Link Nacional 20 Mbps','Ethernet Link',NULL,NULL,NULL,'Jalisco','Morelos S/N'),('7930-ETH-259',30173,'Ethernet Link Local 40 Mbps','Ethernet Link',NULL,NULL,NULL,'Ciudad de Mexico','Banobras'),('8358-ETH-353',32216,'Ethernet Link 1 Gbps','Ethernet Link',NULL,NULL,NULL,'Ciudad de Mexico','Cerro de las Torres 395'),('8499-TKD-142',30138,'30 Troncales Digitales ISDN','Troncales Digitales',NULL,NULL,NULL,'Chihuahua','Edificio Punto Alto E2'),('8499-TKD-147',30138,'30 Troncales Digitales ISDN','Troncales Digitales',NULL,NULL,NULL,'Baja California Norte','Mision de San Javier 10643'),('8499-TKD-190',30138,'30 Troncales Digitales ISDN','Troncales Digitales',NULL,NULL,NULL,'Chihuahua','Baudelio Pelay 8450'),('8499-TKD-210',30138,'10 Troncales Digitales ISDN','Troncales Digitales',NULL,NULL,NULL,'Baja California Norte','Calz. Francisco L. Montejano 1280'),('8499-TKD-222',30138,'10 Troncales Digitales ISDN','Troncales Digitales',NULL,NULL,NULL,'Sonora','Francisco Eusebio Kino 315'),('9251-ETH-477',32216,'Ethernet Link 100 Mbps','Ethernet Link',NULL,NULL,NULL,'Baja California Norte','Carr. Tijuana a Tecate Km. 143 No. 33143'),('9345-CPE-008',32629,'MPLS - Router en Renta - Hasta 10 Mbps','CPE en Renta','1074023915ALOBDF002','230588',NULL,'Ciudad de Mexico','Anillo Periferico Blvr. Adolfo Lopez Mateos 367'),('9382-TKD-001',32807,'30 Troncales Digitales R2M','Troncales Digitales','100/TKD/3035685302OTBLQO001/MRDAYU01',NULL,NULL,'Ciudad de Mexico','Av. Insurgentes 410'),('9401-MPL-021',32821,'MPLS Multimedia 4 Mbps','MPLS','100/MPLS/2011611731TJNACB002','231406',NULL,'Baja California Norte','Luis Cabrera 2033'),('9584-INT-002',32923,'Internet Dedicado 20 Mbps','Internet','100/INTF/0022676GDLJJA001','231674',NULL,'Jalisco','Av. Juarez 123'),('9879-MPL-002',34015,'MPLS Multimedia 10 Mbps','MPLS',NULL,NULL,NULL,'Sonora','Carr. a Bahia de Kino Km. 14'),('9959-INT-001',33111,'Internet Dedicado 20 Mbps','Internet','100/INTF/1094524662JRZZXH001',NULL,NULL,'Chihuahua','Hotel Camino Real Ciudad Juarez'),('APUE.GDO42.GDX01.00002',32629,'L2L (Linea privada)',NULL,NULL,NULL,NULL,'Jalisco',NULL),('EN-TNT-CGO-CHA-50MB-1304001',27185,'L2L (Linea privada)',NULL,NULL,NULL,NULL,'Ciudad de Mexico',NULL),('SOFTTEK_ALPHARETTA_MPLS_M6_222114',33604,'MPLS - Acceso Local 10 Mbps','MPLS',NULL,NULL,NULL,'Ciudad de Mexico',NULL);
/*!40000 ALTER TABLE `servicios` ENABLE KEYS */;
UNLOCK TABLES;

--
-- Table structure for table `usuarios`
--

DROP TABLE IF EXISTS `usuarios`;
/*!40101 SET @saved_cs_client     = @@character_set_client */;
/*!40101 SET character_set_client = utf8 */;
CREATE TABLE `usuarios` (
  `usuario` varchar(150) NOT NULL,
  `contrasena` varchar(10) NOT NULL,
  PRIMARY KEY (`usuario`)
) ENGINE=InnoDB DEFAULT CHARSET=latin1;
/*!40101 SET character_set_client = @saved_cs_client */;

--
-- Dumping data for table `usuarios`
--

LOCK TABLES `usuarios` WRITE;
/*!40000 ALTER TABLE `usuarios` DISABLE KEYS */;
INSERT INTO `usuarios` VALUES ('dudiazg@bestel.com.mx','1234'),('jjaguilarac@bestel.com.mx','1234');
/*!40000 ALTER TABLE `usuarios` ENABLE KEYS */;
UNLOCK TABLES;
/*!40103 SET TIME_ZONE=@OLD_TIME_ZONE */;

/*!40101 SET SQL_MODE=@OLD_SQL_MODE */;
/*!40014 SET FOREIGN_KEY_CHECKS=@OLD_FOREIGN_KEY_CHECKS */;
/*!40014 SET UNIQUE_CHECKS=@OLD_UNIQUE_CHECKS */;
/*!40101 SET CHARACTER_SET_CLIENT=@OLD_CHARACTER_SET_CLIENT */;
/*!40101 SET CHARACTER_SET_RESULTS=@OLD_CHARACTER_SET_RESULTS */;
/*!40101 SET COLLATION_CONNECTION=@OLD_COLLATION_CONNECTION */;
/*!40111 SET SQL_NOTES=@OLD_SQL_NOTES */;

-- Dump completed on 2018-07-03  0:37:47
